,Name,Compound Score,Negative Score,Neutral Score,Postive Score
0,KINKA IZAKAYA ORIGINAL,0.719533333,0.015666667,0.767333333,0.217
1,Gyubee Japanese Grill - Bloor,0.500416667,0.007833333,0.839166667,0.153
2,Pai Northern Thai Kitchen,0.591677778,0.005222222,0.823222222,0.171555556
3,Rasa,0.566241667,0.003916667,0.834666667,0.161416667
4,Kōjin,0.518186667,0.003133333,0.848666667,0.1482
5,Seven Lives Tacos Y Mariscos,0.553466667,0.002611111,0.845,0.152388889
6,Richmond Station,0.514771429,0.002238095,0.853285714,0.14447619
7,Katsuya,0.522395833,0.0045,0.848791667,0.14675
8,The Innis Cafe,0.531485185,0.004,0.835888889,0.160148148
9,Myato Gastropub,0.5676,0.0036,0.819233333,0.1772
10,Daddyo's Pasta & Salads,0.563112121,0.00530303,0.820030303,0.17469697
11,Manpuku Japanese Eatery,0.518605556,0.009,0.82625,0.164777778
12,Tinuno,0.482441026,0.013333333,0.830179487,0.156512821
13,The Elm Tree Restaurant,0.469502381,0.012380952,0.8345,0.153142857
14,Okonomi House Restaurant,0.476153333,0.013155556,0.830111111,0.156755556
15,BauZza BauZza,0.485204167,0.016166667,0.8245625,0.159291667
16,The Annex Food Hall,0.463862745,0.018176471,0.828176471,0.153666667
17,Byblos,0.431781481,0.022481481,0.826962963,0.150574074
18,Insomnia Restaurant & Lounge,0.446680702,0.021298246,0.82454386,0.154175439
19,Gusto 101,0.460311667,0.021533333,0.820916667,0.157566667
20,Juicy Dumpling,0.470434921,0.021126984,0.819111111,0.159777778
21,Onnki Donburi,0.457637879,0.022106061,0.822287879,0.155621212
22,Yasu,0.463071014,0.021144928,0.821753623,0.157115942
23,The Oxley,0.461347222,0.022,0.81775,0.160263889
24,Ramen Isshin,0.458216,0.022066667,0.819133333,0.1588
25,Ikkousha Ramen,0.46220641,0.021217949,0.818166667,0.160615385
26,Gallery Grill,0.45998642,0.020432099,0.819098765,0.160469136
27,Planta Yorkville,0.467385714,0.019702381,0.814488095,0.165809524
28,Little Piggy's,0.460114943,0.021678161,0.81262069,0.165701149
29,Her Father's Cider Bar & Kitchen,0.464385556,0.020955556,0.813066667,0.165977778
30,CRU,0.45948172,0.02027957,0.81411828,0.165602151
31,Seor Ak San,0.464586458,0.019645833,0.815072917,0.16528125
32,Sansotei Ramen,0.456950505,0.022151515,0.813818182,0.164030303
33,Pow Wow Cafe,0.452626471,0.023264706,0.813598039,0.163137255
34,GB Hand-pulled Noodles,0.461648571,0.0226,0.812133333,0.165266667
35,Figs and Olives Kitchen,0.457751852,0.022925926,0.812027778,0.165046296
36,Rasta Pasta,0.437241441,0.025162162,0.813486486,0.161351351
37,KINKA IZAKAYA BLOOR,0.447214035,0.02504386,0.811096491,0.163859649
38,Her Chef,0.455055556,0.024401709,0.810145299,0.165452991
39,Kintaro Izakaya,0.46115,0.0244,0.808258333,0.167341667
40,Tasty's Caribbean Restaurant,0.440489431,0.026146341,0.810593496,0.163260163
41,Raku,0.431715873,0.027531746,0.810277778,0.162190476
42,Pig Out BBQ,0.440410078,0.026891473,0.808875969,0.164232558
43,Zaad,0.449889394,0.026280303,0.806621212,0.167098485
44,Koyoi Restaurant & Bar,0.447288889,0.026725926,0.807548148,0.165718519
45,Homemade Ramen,0.44242971,0.027376812,0.808,0.164615942
46,Papi Chulo's Mexicana,0.447543262,0.027304965,0.805524823,0.167156028
47,Clubhouse Sandwich Shop,0.441285417,0.027604167,0.806736111,0.165645833
48,Niuda Hand-Pulled Noodles,0.444272789,0.027040816,0.805993197,0.166952381
49,Pho Tien Thanh,0.448398,0.026953333,0.80586,0.167173333
50,Swatow Restaurant,0.449222222,0.026424837,0.806816993,0.166745098
51,Awastea,0.444374359,0.025916667,0.809391026,0.164679487
52,Omai Restaurant,0.449701258,0.025427673,0.808918239,0.165641509
53,Khao San Road,0.449568519,0.02495679,0.809820988,0.165209877
54,Carisma,0.444586667,0.025624242,0.81009697,0.164260606
55,Moo Frites,0.439775595,0.025857143,0.811720238,0.162404762
56,817 Sports Bar & Grill,0.437173373,0.025704142,0.81283432,0.161443787
57,Egg Bae,0.432313953,0.026744186,0.811976744,0.161261628
58,La Chilaca Taqueria,0.435028,0.026622857,0.811377143,0.161982857
59,Jacobs & Co. Steakhouse,0.432045506,0.026174157,0.8135,0.160308989
60,DaiLo,0.421575138,0.027276243,0.813845304,0.158856354
61,Beerbistro,0.420769565,0.027315217,0.814315217,0.158347826
62,Yummy Yummy Dumplings,0.421737968,0.027818182,0.813620321,0.158540107
63,Hokkaido Ramen Santouka,0.426196842,0.027378947,0.813673684,0.158926316
64,Chubby's Jamaican Kitchen,0.432672021,0.027398964,0.810658031,0.16192228
65,Piano Piano,0.435633673,0.027923469,0.809372449,0.162683673
66,Tsujiri Patisserie,0.439032663,0.027502513,0.809281407,0.16319598
67,Como En Casa,0.439721782,0.027470297,0.80950495,0.16300495
68,Epicure City BOM,0.441202439,0.027531707,0.809702439,0.162746341
69,Banh Mi Boys,0.439561058,0.028274038,0.808764423,0.162942308
70,Alo Restaurant,0.440753555,0.027872038,0.809308057,0.162800948
71,Sabai Sabai Kitchen and Bar,0.444349065,0.027785047,0.808060748,0.164140187
72,Naan & Kabob,0.441200922,0.027705069,0.809082949,0.163198157
73,Nom Nom Nom Poutine,0.442667273,0.027327273,0.809663636,0.162995455
74,Clay Restaurant,0.444202703,0.027081081,0.809342342,0.163563063
75,Yuzu No Hana,0.442280889,0.028168889,0.808111111,0.163706667
76,Banh Mi Boys,0.442509211,0.028074561,0.808627193,0.163285088
77,Eighteen30,0.442784416,0.027709957,0.809506494,0.162770563
78,416 Snack Bar,0.447147863,0.027354701,0.808098291,0.164534188
79,Shi Miaodao Yunnan Rice Noodle,0.448102532,0.027008439,0.808092827,0.164886076
80,The Wickson Social,0.449052083,0.026920833,0.80845,0.164616667
81,Fieramosca,0.448991358,0.027259259,0.80673251,0.165995885
82,Dakgogi,0.447903252,0.027243902,0.80648374,0.166260163
83,Museum Tavern,0.446106827,0.027751004,0.805738956,0.166497992
84,Riddle Room,0.443187302,0.028242063,0.805384921,0.166361111
85,Otto's Berlin Döner,0.4439,0.027909804,0.806141176,0.165937255
86,Sansotei,0.444549612,0.027585271,0.806658915,0.165744186
87,Smoque N' Bones,0.447620307,0.027877395,0.805375479,0.166735632
88,Bob's Bulgogi,0.449568561,0.027560606,0.805590909,0.166837121
89,Almond Butterfly Cafe & Bakeshop,0.453268914,0.027250936,0.804576779,0.168161049
90,Odd Seoul,0.450754444,0.027840741,0.804048148,0.1681
91,Bar Raval,0.451278755,0.027534799,0.804377289,0.168076923
92,The Original Gyro Grill,0.447771377,0.027804348,0.805039855,0.167144928
93,The Manna,0.443564516,0.028071685,0.805369176,0.166548387
94,Wilbur Mexicana,0.444767021,0.027943262,0.805659574,0.166386525
95,Greedy Duck,0.444901053,0.027831579,0.806403509,0.165754386
96,Bar Isabel,0.445401736,0.027868056,0.806197917,0.165923611
97,32 Chicken St.,0.448656701,0.027580756,0.805780069,0.166628866
98,Poke Guys,0.451585034,0.02729932,0.80535034,0.167340136
99,Mr.Tonkatsu,0.449188889,0.027410774,0.806087542,0.166491582
100,Fat Pasha,0.449203667,0.02744,0.806146667,0.166403333
101,Torch Pressed Sushi,0.44728245,0.027258278,0.807152318,0.16557947
102,Opus Restaurant,0.449918361,0.027236066,0.806203279,0.166547541
103,Saigon Lotus,0.452404221,0.026970779,0.805987013,0.167029221
104,Pomegranate Restaurant,0.453984887,0.026710611,0.806167203,0.167109325
105,Tokyo Kitchen,0.452884076,0.026996815,0.805878981,0.16711465
106,Rol San,0.45065142,0.026993691,0.806545741,0.166451104
107,Bobbie Sue's Mac & Cheese,0.452492813,0.02685625,0.80645625,0.166678125
108,Cabano's Comfort Food,0.453877709,0.026606811,0.806371517,0.167012384
109,Chine Hot Pot & Noodles,0.452708896,0.026969325,0.806076687,0.166947853
110,Vegetarian Haven,0.452546809,0.026917933,0.805884498,0.167191489
111,Constantine,0.45621747,0.026792169,0.80489759,0.168304217
112,Aloette,0.457958209,0.026552239,0.804540299,0.168901493
113,Soos,0.458271006,0.026473373,0.804698225,0.168822485
114,Assembly Chef's Hall,0.456320235,0.026460411,0.805208211,0.168325513
115,The Gabardine,0.454913953,0.026229651,0.806043605,0.16772093
116,Lee Chen Asian Bistro,0.454270893,0.026132565,0.806564841,0.16729683
117,Patria,0.454548857,0.025908571,0.806962857,0.167122857
118,Buk Chang Dong Soon Tofu,0.453279887,0.025688385,0.808048159,0.16625779
119,Maison Close 1888,0.452563483,0.025699438,0.808325843,0.165969101
120,Korean Village Restaurant,0.452420891,0.025832869,0.808270195,0.165888579
121,Cactus Club Cafe,0.454700552,0.025618785,0.808058011,0.166314917
122,Bang Bang Burrito,0.447828767,0.026753425,0.808290411,0.164947945
123,Pearl Diver,0.450695652,0.026627717,0.807934783,0.165429348
124,Matha Roti - East Indian Cuisine,0.44977062,0.027026954,0.807207547,0.165757412
125,Hancook Cheese Dakgalbi,0.452109626,0.02681016,0.806614973,0.166566845
126,Thai Country Kitchen,0.454282759,0.026596817,0.805976127,0.167419098
127,Playa Cabana,0.450445789,0.027036842,0.806207895,0.166744737
128,Utsav,0.446501044,0.027295039,0.807013055,0.165681462
129,Magical Taste of China,0.443660622,0.02730829,0.808002591,0.164678756
130,Tabriz Persian Cookhouse,0.445364524,0.02733162,0.807537275,0.165120823
131,Moliceiro Restaurant,0.445003316,0.027122449,0.808209184,0.164658163
132,Fudao noodle house,0.441641772,0.027496203,0.808372152,0.164118987
133,El Trompo Taco Bar,0.44308392,0.027457286,0.808439698,0.16408794
134,Wow Sushi,0.446450623,0.02725187,0.807508728,0.165224439
135,Wafels & More,0.448320792,0.027240099,0.806957921,0.165787129
136,Yummy Korean Food Restaurant,0.447796069,0.027238329,0.8072457,0.165501229
137,Liuyishou Hotpot Downtown Toronto,0.450491951,0.027039024,0.806902439,0.166043902
138,L'Unita,0.451344068,0.02696368,0.806929782,0.16609201
139,Hacienda las Américas,0.453315625,0.0269375,0.806495192,0.166552885
140,Fuwa Fuwa Japanese Pancakes,0.453216706,0.02697136,0.806634845,0.166379475
141,Zakkushi,0.450782227,0.027836493,0.805736967,0.166414692
142,Aanch Modernist Indian Cuisine,0.451098824,0.027814118,0.805847059,0.166327059
143,Dumpling House Restaurant,0.451136215,0.027922897,0.805574766,0.166490654
144,Hong Kong Bistro Cafe,0.451424362,0.027728538,0.806136891,0.16612297
145,Soba Canada,0.451719816,0.02768894,0.80616129,0.166138249
146,The Queen And Beaver Public House,0.452649199,0.027627002,0.806144165,0.166217391
147,Trattoria Nervosa,0.455035227,0.027438636,0.805731818,0.166818182
148,Est West Cafe,0.45693544,0.027252822,0.805478555,0.167257336
149,The Carbon Bar,0.45868991,0.02720852,0.804818386,0.167961883
150,Yummy Zone,0.456347661,0.02718931,0.805719376,0.167080178
151,Cafe CanCan,0.457008628,0.027334071,0.804559735,0.168095133
152,Millie Creperie,0.458316703,0.02729011,0.804228571,0.16847033
153,Grasshopper Restaurant,0.459416812,0.027111354,0.804423581,0.168454148
154,Harvest Kitchen,0.457198915,0.027464208,0.804375271,0.168147505
155,Levetto,0.458860991,0.027286638,0.80419181,0.168508621
156,Té,0.457531049,0.027556745,0.804224839,0.168205567
157,Chabrol Restaurant,0.457111915,0.027721277,0.803955319,0.168308511
158,Nando's Flame Grilled Chicken,0.457301057,0.027545455,0.804272727,0.168167019
159,Mr.Tonkatsu,0.455940966,0.027915966,0.803909664,0.168159664
160,Latin Taste,0.457263048,0.027741127,0.80380167,0.168442589
161,Canis,0.459716805,0.027568465,0.802917012,0.1695
162,North Poke,0.458609897,0.027573196,0.803383505,0.169028866
163,SCADDABUSH Italian Kitchen & Bar,0.457576025,0.027497951,0.803670082,0.168817623
164,Rickshaw Bar,0.458968228,0.027466395,0.803301426,0.169217923
165,Carmen,0.459094939,0.027404858,0.803184211,0.169396761
166,Dal Moro's Fresh Pasta To Go,0.458413883,0.027239437,0.80382495,0.168921529
167,SARA,0.4609794,0.027298,0.802712,0.169976
168,Ozzy's Burgers,0.459970577,0.027135189,0.803224652,0.169626243
169,Black Camel,0.456416601,0.027171937,0.804193676,0.168620553
170,The Haam,0.455639686,0.027011788,0.804911591,0.168062868
171,Sunrise House,0.455288477,0.027289063,0.8046875,0.168009766
172,Library Bar,0.455997087,0.027242718,0.80441165,0.168332039
173,The Loose Moose,0.456090154,0.027343629,0.804003861,0.168637066
174,The Burgernator,0.456370441,0.027389635,0.803241843,0.169353167
175,Chop Chop,0.456751145,0.027232824,0.803627863,0.169124046
176,La Carnita,0.455282353,0.027223909,0.804242884,0.168518027
177,Joso's,0.456118113,0.027069811,0.80435283,0.168562264
178,Lamesa Filipino Kitchen,0.456456473,0.026917448,0.80475985,0.168307692
179,Tacos El Asador,0.455747015,0.027078358,0.804690299,0.168216418
180,Mother Tongue,0.457725788,0.027005566,0.804141002,0.16883859
181,M'Zaar Restaurant,0.460009225,0.026856089,0.803564576,0.169564576
182,Campagnolo,0.460562202,0.026708257,0.803634862,0.169642202
183,Bellwoods Brewery,0.458711496,0.026905109,0.80369708,0.169381387
184,Gushi Japanese Street Food,0.459568421,0.026885662,0.803324864,0.16977314
185,Jin Dal Lae,0.459423285,0.026870036,0.803518051,0.169593863
186,Pinky's Ca Phe,0.461042549,0.02683842,0.802881508,0.170262118
187,Scaramouche Restaurant Pasta Bar & Grill,0.459839821,0.026983929,0.803017857,0.169980357
188,Chadwick's,0.459534636,0.027085258,0.802889876,0.170007105
189,Charidise,0.460246466,0.026941696,0.802862191,0.170178445
190,Grey Gardens,0.461914411,0.026799649,0.802483304,0.170699473
191,Campechano Taquería,0.459294406,0.027166084,0.802515734,0.170300699
192,Emporium Latino,0.45838087,0.027133913,0.802843478,0.170005217
193,Si Lom Thai Bistro,0.456343426,0.027280277,0.803214533,0.169487889
194,Bar Reyna,0.45670327,0.027223752,0.803209983,0.169549053
195,Tachi,0.456129623,0.027083904,0.803827055,0.169071918
196,Jumbo Empanadas,0.455208518,0.027221465,0.803802385,0.168959114
197,Hogtown Vegan,0.454057288,0.027469492,0.803666102,0.168847458
198,Pasta Mondo,0.455861046,0.027330523,0.80339629,0.169256324
199,Rodney's Oyster House,0.456756208,0.02732047,0.803219799,0.169442953
200,Four Four South VIllage,0.456331386,0.027342237,0.803297162,0.169342237
201,Kid Lee,0.45784186,0.02720598,0.803114618,0.16966113
202,The Shozan Room,0.459463967,0.027190083,0.802089256,0.170700826
203,Saku Sushi,0.460508882,0.027055921,0.802088816,0.170835526
204,Fresca Pizza & Pasta,0.460954337,0.027201309,0.801708674,0.171070376
205,Hair of the Dog,0.461699349,0.027068404,0.801656352,0.1712557
206,Church's Chicken,0.462542532,0.026980519,0.801564935,0.171435065
207,The Poke Box,0.461483037,0.027184168,0.801657512,0.171138934
208,The Burger's Priest,0.459869936,0.027553055,0.801414791,0.171014469
209,Gyu-Kaku Japanese BBQ,0.46072784,0.0276464,0.8012496,0.1710848
210,Coq of the Walk,0.461544268,0.027514331,0.801377389,0.171089172
211,T-swirl Crêpe,0.461616323,0.027383518,0.80174168,0.170855784
212,illstyl3 Sammies,0.463293375,0.027253943,0.801339117,0.171388013
213,The Senator,0.463231711,0.027230769,0.801626374,0.171124019
214,Crimson Teas,0.463277969,0.027103125,0.801923438,0.170954688
215,Hemingway's Restaurant,0.46421353,0.027101089,0.801636081,0.171244168
216,Helena's Magic Kitchen,0.464390402,0.027065015,0.801357585,0.171558824
217,Sheherzade Persian Grill And Dizi,0.464248228,0.02707396,0.801402157,0.171505393
218,Buca Yorkville,0.464419632,0.026949387,0.801588957,0.171443252
219,Mallo,0.465349313,0.026825954,0.801320611,0.171835115
220,Kimama,0.465068845,0.026972644,0.80112462,0.171884498
221,Mamakas Taverna,0.466727383,0.026850227,0.800425113,0.172706505
222,East Thirty-Six,0.467215663,0.026728916,0.80063253,0.172620482
223,Farm'r Eatery & Catering,0.468262669,0.026608696,0.800413793,0.17295952
224,Salad House,0.466801194,0.026668657,0.800720896,0.172592537
225,The Irv Gastro Pub,0.4677263,0.026619614,0.800221397,0.173141159
226,Arisu Korean BBQ & Sushi,0.466947485,0.026681953,0.80037574,0.172926036
227,La Cubana,0.46767732,0.026771723,0.79981296,0.173400589
228,George,0.468894575,0.026653959,0.79966129,0.173670088
229,Marinellas Italian Restaurant,0.468730073,0.026537226,0.800039416,0.173408759
230,Baro,0.46968343,0.026505814,0.799959302,0.173520349
231,Mi'hito Sushi Laboratory,0.469600579,0.026390738,0.800329957,0.173264834
232,Morton's The Steakhouse,0.469816427,0.026381844,0.800371758,0.173233429
233,Mymy Chicken,0.468522812,0.026639885,0.80035868,0.172988522
234,Seoul Food Take-Out,0.468664,0.026525714,0.80062,0.172841429
235,Panpan Noodle Bar,0.467932575,0.026598862,0.800762447,0.172625889
236,Hibiscus,0.469250708,0.026597734,0.800157224,0.173230878
237,Stelvio,0.470839492,0.02657969,0.799538787,0.173868829
238,Jacques' Bistro Du Parc,0.47227486,0.026467697,0.799043539,0.174476124
239,Napoli Centrale,0.472241538,0.02654965,0.798551049,0.174886713
240,Shish Kabab Express,0.471464485,0.026855153,0.79821727,0.174915042
241,Pi Co,0.471005825,0.0269362,0.798101248,0.174950069
242,Nguyen Huong Food,0.47067058,0.027009669,0.798290055,0.174689227
243,Harvest Green,0.471039752,0.027009629,0.798367263,0.174612105
244,FAT Lamb Kouzina,0.470299178,0.027082192,0.798493151,0.174413699
245,Crepes Club,0.47016985,0.027075034,0.798493861,0.174420191
246,Casa Fuego,0.470378125,0.027233696,0.798361413,0.174394022
247,Maido Japanese Restaurant,0.468707037,0.027520974,0.798136671,0.174331529
248,K-Wok,0.467019003,0.02756469,0.798566038,0.173858491
249,Vietnam Lovely Noodle,0.468224564,0.02772349,0.797978523,0.174287248
250,98 Aroma,0.467622326,0.027807487,0.797832888,0.17434893
251,Raijin Ramen,0.467625433,0.027809587,0.797729694,0.174450067
252,One Restaurant,0.469178515,0.027698939,0.797293103,0.174997347
253,Caffiends,0.469687417,0.027662252,0.797178808,0.175148344
254,Canoe,0.470812929,0.02755277,0.796901055,0.17553562
255,Eggspectation,0.470017346,0.027444152,0.797413929,0.175131406
256,Bindia Indian Bistro,0.471612435,0.027336387,0.796990838,0.175662304
257,Fresh On Bloor,0.470516819,0.027483703,0.796970013,0.175535854
258,Sofia,0.470404026,0.027376623,0.797264935,0.175348052
259,KaKa All You Can Eat,0.469417464,0.027270375,0.797868047,0.174851229
260,Mo' Ramyun,0.469833376,0.027164948,0.798085052,0.174739691
261,La Palma,0.469993838,0.02714249,0.797935815,0.174911425
262,The Fry,0.470534143,0.027038363,0.79798977,0.174961637
263,Burrito Bandidos,0.471385732,0.026935032,0.797936306,0.175118471
264,PG Clucks,0.468849746,0.02717132,0.798247462,0.174571066
265,The Keg Steakhouse + Bar - Mansion,0.468471049,0.027068268,0.798548673,0.174372946
266,Barberian's Steak House,0.467327582,0.027039043,0.799017632,0.173933249
267,Big Crow,0.466963237,0.027135508,0.798907152,0.173948557
268,Zakkushi On Carlton,0.4678975,0.02711125,0.7986875,0.17419125
269,Woodlot Restaurant,0.468763885,0.027072229,0.798650062,0.174267746
270,Hogtown Smoke,0.469691811,0.026971464,0.798652605,0.174366005
271,Karine's,0.470229048,0.02694314,0.798327565,0.174719407
272,Veggie D'Light,0.470430296,0.027083744,0.797883005,0.175022167
273,Hot Dog Stand,0.470078282,0.027337423,0.797373006,0.175279755
274,Kanga,0.469404768,0.027328851,0.797711491,0.174949878
275,JaBistro,0.468706577,0.027228989,0.798192448,0.174568819
276,Akira Back,0.469553641,0.027129854,0.798117718,0.174742718
277,Rustle & Still Café,0.469905683,0.027031439,0.798128174,0.174830713
278,Crêpes à GoGo Spadina,0.47130494,0.026985542,0.79766506,0.175339759
279,The Pie Commission,0.471293037,0.027060024,0.797483794,0.175446579
280,River Tai Restaurant,0.471960885,0.026962919,0.797354067,0.175673445
281,Soufi's,0.47279416,0.026922527,0.797266985,0.175802145
282,Mochica,0.472359739,0.026937055,0.797437055,0.175617577
283,Bar Mercurio,0.471748521,0.02716213,0.79691716,0.175912426
284,Cibo Wine Bar,0.470971462,0.027117925,0.79735967,0.175514151
285,Kushimaru,0.470727262,0.027092832,0.79760047,0.175298472
286,Ristorante Sotto Sotto,0.469903162,0.027368852,0.797211944,0.175409836
287,Town Crier Pub,0.469406651,0.027603267,0.797038506,0.175348891
288,Trattoria Taverniti,0.468538953,0.027759302,0.796944186,0.175287209
289,Akai Sushi,0.469849131,0.027662804,0.79669409,0.175633835
290,Chelsea's,0.469539468,0.027630787,0.796851852,0.175508102
291,Burrito Boyz,0.468243022,0.0276609,0.79716955,0.175160323
292,Fresco's Fish & Chips,0.468991839,0.02766092,0.796990805,0.17533908
293,Planta Queen,0.468453387,0.027629162,0.797223881,0.175137773
294,Ehwa J Bar,0.467192563,0.027652174,0.797478261,0.174860412
295,Mandi Guys,0.468487913,0.027557583,0.79732041,0.175112885
296,Tokyo Sushi,0.469290568,0.027463636,0.797151136,0.175376136
297,Apiecalypse Now!,0.468446319,0.027583239,0.796946772,0.175460929
298,Spot Crepes & Tea,0.468901693,0.027575621,0.796805869,0.175609481
299,Pizzeria Libretto,0.468902812,0.027572553,0.796865017,0.175553431
300,Tocino Boys,0.468357287,0.027627803,0.796856502,0.175506726
301,White Brick Kitchen,0.467286369,0.027775419,0.796976536,0.175239106
302,Park Hyatt Toronto Kosher Annona Restaurant,0.466544209,0.027891982,0.797035635,0.175063474
303,KINTON RAMEN,0.466636737,0.027799112,0.797244173,0.174947836
304,Brothers,0.466567367,0.027790929,0.797431416,0.174768805
305,Ken Ho's Snack Service,0.464927012,0.027923925,0.797746417,0.174320838
306,Mi Taco Taqueria,0.465154835,0.027831868,0.797975824,0.174183516
307,The Shore Club - Toronto,0.464810953,0.027966046,0.797894852,0.17413034
308,You Don Ya,0.464008843,0.027874454,0.798374454,0.173742358
309,The Dirty Bird Chicken + Waffles,0.46372568,0.027838955,0.79862568,0.173526659
310,Magic Noodle,0.463112148,0.02786551,0.798559653,0.173566161
311,Le Swan,0.463154486,0.027823784,0.798752432,0.173416216
312,Country Style Hungarian Restaurant,0.463034914,0.027842672,0.798616379,0.173533405
313,Top Gun  Burgers,0.463276047,0.027847476,0.79847261,0.173671321
314,Hodo Kwaja,0.462729657,0.02775803,0.798900428,0.173332976
315,La Societe - Toronto,0.462805336,0.027755603,0.798898613,0.173337247
316,Noodle King,0.462232128,0.027667021,0.79932234,0.173002128
317,River Tai,0.460346872,0.027888653,0.799459173,0.17264369
318,Koi Koi Saké Bar,0.461036998,0.027800211,0.799415433,0.172775899
319,Our Spot,0.460978398,0.02776607,0.799536354,0.172689146
320,Omaw,0.461368908,0.02775,0.799521008,0.172720588
321,Adelina Russian Restaurant & Bar,0.462160692,0.027691824,0.799051363,0.173248428
322,King Taps,0.462952665,0.027780564,0.798810867,0.173401254
323,Blu Ristorante,0.462755833,0.027803125,0.798698958,0.173490625
324,Avenue Open Kitchen,0.462813915,0.027716511,0.798933541,0.173342679
325,Rhum Corner,0.462773499,0.027701863,0.798818841,0.17347205
326,Hot Box Cafe,0.462938803,0.027616099,0.798982456,0.173394221
327,Jules Bistro,0.46336142,0.027598765,0.79892284,0.173471193
328,Oriental Delight,0.463804933,0.027615622,0.79873073,0.173645427
329,Kevin's Taiyaki,0.464506148,0.027607582,0.798694672,0.173689549
330,Kinoya Sushi Bar,0.465592033,0.027522983,0.798362615,0.174106231
331,Sassafraz,0.466166395,0.027540733,0.798231161,0.174219959
332,Doo Roo Ae,0.466278883,0.027541117,0.798336041,0.174114721
333,Miss Korea,0.465284818,0.027512146,0.798742915,0.173736842
334,Dublin Calling,0.465199899,0.02742886,0.798857719,0.173705348
335,Terroni,0.466092555,0.027346076,0.798737425,0.173908451
336,Kasa Moto,0.464307121,0.02745336,0.799031093,0.173507523
337,Mapo Korean BBQ,0.4621191,0.027682,0.79914,0.17317
338,Schmaltz Appetizing,0.461347757,0.027784646,0.799220339,0.172987039
339,Banh Mi Ba Le,0.462560437,0.027701789,0.798926441,0.173363817
340,The Hummussiah,0.461365808,0.027691774,0.799315164,0.172986125
341,Crown Princess Fine Dining,0.460802273,0.027762846,0.799399209,0.172831028
342,Aviv Restaurant,0.461216946,0.027680788,0.799349754,0.172962562
343,Scaddabush,0.462060314,0.027757367,0.799028487,0.173207269
344,Kiyo,0.46331998,0.027675808,0.798558276,0.17375906
345,Yonge Street Warehouse,0.462940234,0.027638672,0.798817383,0.173538086
346,T&T Roti Trinidad & Toronto Roti,0.464217137,0.027557936,0.798419669,0.174016553
347,Caffe Di Portici,0.46439699,0.027543689,0.798213592,0.174236893
348,The Keg Steakhouse + Bar - York Street,0.463202807,0.027745402,0.798227493,0.174021297
349,Oyster Boy,0.464382046,0.027665058,0.797869691,0.174459459
350,Union,0.465178152,0.027585178,0.797509143,0.174899904
351,Sushi Box,0.464363148,0.027583493,0.797817658,0.17459309
352,Blaze Fast-Fire'd Pizza,0.4649311,0.027504306,0.797847847,0.174642105
353,Cafe Landwer,0.465002195,0.02748855,0.797860687,0.174645038
354,Lai Wah Heen,0.464093911,0.027410086,0.798331113,0.174253092
355,Bitondo's Pizzeria,0.463978937,0.027500949,0.79820019,0.174293169
356,FIKA,0.464317975,0.027422895,0.798137181,0.174434248
357,The Host,0.463779245,0.027345283,0.798488679,0.174160377
358,Duke's Refresher + Bar,0.463436689,0.027473189,0.798464722,0.174056444
359,Earls Kitchen + Bar,0.464454784,0.027448405,0.798177298,0.174368668
360,WVRST Union Station,0.464524883,0.027371375,0.798333957,0.174289055
361,Gordo EX Cafe,0.463218563,0.0275,0.798454291,0.174040112
362,Imm Thai Kitchen,0.463636465,0.027423256,0.798545116,0.174026047
363,Indian Grill,0.463393135,0.027346939,0.79885436,0.173793135
364,Ramen Isshin,0.462035708,0.027357077,0.799250694,0.173386679
365,STK Toronto,0.459273247,0.027804428,0.799245387,0.172944649
366,El Furniture Warehouse - Bloor St,0.459159614,0.027842686,0.799208832,0.172943882
367,Crepe TO,0.46021422,0.027766055,0.798744954,0.173484404
368,Sushi On Bloor,0.461399268,0.027722781,0.798150046,0.174122598
369,Kensington Sushi Market,0.462054288,0.027701642,0.798024635,0.174269161
370,Cookie Martinez,0.461866151,0.027626024,0.798298453,0.174070974
371,Dim Sum King Seafood Restaurant,0.460896552,0.027672414,0.798560799,0.17376225
372,Salus Fresh Foods,0.460562805,0.027646154,0.798742986,0.173606335
373,Höm Cafe,0.46158944,0.0275713,0.798429603,0.173994585
374,AAamazing Salad,0.461124212,0.027632763,0.798441944,0.173920792
375,Kim Vietnamese Restaurant,0.46078079,0.027641831,0.798615799,0.173737882
376,Restaurant La Banane,0.461584781,0.027607878,0.798501343,0.173886303
377,Bannock,0.460879375,0.027651786,0.798648214,0.173695536
378,Kiin,0.461892965,0.027615316,0.798398041,0.173982191
379,Poop Cafe,0.462400533,0.027650089,0.798277975,0.174068384
380,Harbord House,0.463123118,0.027576616,0.798235607,0.174184234
381,Omg Oh My Gyro,0.463670318,0.027503534,0.797844523,0.17464841
382,ChiChop,0.46358,0.027430837,0.798035242,0.174530396
383,Parka Food Co,0.463907293,0.027433216,0.797986819,0.17457645
384,Drake One Fifty,0.462985539,0.027422436,0.798318142,0.174255916
385,Coffee Oysters Champagne,0.463606643,0.027388112,0.798211538,0.174396853
386,Nando's,0.462362511,0.027484743,0.798386225,0.174125545
387,Momofuku Noodle Bar,0.461583826,0.027553043,0.798513913,0.173929565
388,Early Bird Coffee & Kitchen,0.461731917,0.027546401,0.798529922,0.173919341
389,Matahari Grill,0.460936073,0.027632353,0.7986609,0.173702422
390,AMA,0.460459275,0.027781708,0.798548749,0.173665229
391,Flock Rotisserie + Greens,0.46102074,0.027709983,0.798402754,0.17388296
392,Arepa Café,0.461364549,0.027638627,0.798477253,0.173879828
393,Hogtown Pub & Oysters,0.462340839,0.027567637,0.798331336,0.174096747
394,Darvish Restaurant,0.463101964,0.027497011,0.798216909,0.17428181
395,Hokkaido Ramen Santouka,0.462746763,0.027486371,0.798353492,0.174155877
396,Pi,0.46258836,0.027416313,0.79859898,0.173980459
397,Roti Cuisine of India,0.462287712,0.02734661,0.798927119,0.173722034
398,Harlem Underground,0.463176247,0.027277261,0.798841927,0.173876585
399,Fancy Franks,0.463367875,0.027208263,0.798913997,0.173873524
400,The Fresh Italian Eatery,0.462787132,0.027139613,0.799252313,0.173603869
401,Osgoode Hall Restaurant,0.462968792,0.027182047,0.799165268,0.17364849
402,Atlas,0.46317272,0.027157322,0.799223431,0.173615063
403,Corner By Spoon And Fork,0.462813856,0.027298831,0.79895409,0.173742905
404,Gdous Juicy Chicken House,0.462120233,0.02734055,0.799170691,0.173484596
405,Hua Jia Rice Noodle,0.462731728,0.027272425,0.799173588,0.173549834
406,King's Noodle Restaurant,0.463226015,0.02720464,0.799143331,0.173647887
407,Big Trouble Pizza,0.464126198,0.027187603,0.798902479,0.173906612
408,Schnitzel Queen,0.465006843,0.027154163,0.798525144,0.174317395
409,The Vegan Extremist,0.465314309,0.027087171,0.798478618,0.174430921
410,Dang Good BBQ,0.4654553,0.027064914,0.798546426,0.174385374
411,Woods Restaurant & Bar,0.466584262,0.026998361,0.79807541,0.174922951
412,Gandhi Cuisine,0.466222649,0.026932134,0.798395748,0.174668847
413,Kimchi Korea House,0.466074796,0.027004894,0.798374388,0.174617455
414,Seoulicious,0.465913507,0.027031733,0.798432059,0.174532954
415,Paldo Gangsan,0.464941234,0.027122565,0.798592532,0.174281656
416,Monga Fried Chicken,0.464345506,0.027173279,0.798751417,0.174072065
417,Provo FoodBar,0.464182956,0.027236672,0.798592084,0.174168013
418,Mi'hito Sushi Laboratory,0.46440282,0.02717083,0.798676873,0.174149073
419,Sorelle and Co,0.4641,0.02723955,0.798643891,0.174113344
420,Mi'Hito Sushi Laboratory,0.463828789,0.027174018,0.798889334,0.17393344
421,Jugemu,0.46447216,0.027184,0.7986504,0.1741624
422,Light Cafe,0.464405267,0.027118915,0.798842777,0.174035116
423,Terroni,0.464492914,0.027207803,0.798737261,0.174052548
424,Thai Fantasy,0.464281652,0.027277204,0.798752979,0.17396664
425,Hidden Burger,0.464215372,0.027335975,0.798729002,0.173931854
426,Chicken Idol,0.464137708,0.027271146,0.798927273,0.173798419
427,Jerk King,0.463861278,0.027397476,0.798814669,0.1737847
428,Churrasqueira Vila Verde Restaurant,0.46409229,0.027367427,0.798742722,0.17388749
429,Dimmi Bar & Trattoria,0.46347292,0.027377551,0.798981947,0.173638148
430,Reposado Bar & Lounge,0.464033359,0.027313234,0.798721222,0.173963195
431,Kost,0.463648438,0.027348438,0.798835156,0.173814063
432,Holy Chuck,0.463687607,0.027369447,0.798774747,0.173853468
433,Spicy Mafia,0.464305288,0.027421462,0.798603421,0.173972784
434,Queen St Warehouse,0.464153607,0.027357642,0.798816912,0.173823119
435,ND Sushi & Grill,0.463612771,0.027350619,0.79899226,0.173654799
436,Kobi Korean Restaurant,0.463940927,0.027372201,0.79877529,0.173850193
437,Mystic Muffin,0.464421649,0.027308937,0.798824345,0.173864407
438,Pizzeria Via Mercanti,0.465338663,0.027245965,0.798657955,0.174093774
439,La Palette,0.465302684,0.027243098,0.798507669,0.174246933
440,Fusaro's Kitchen,0.464631217,0.027323642,0.798583015,0.174091048
441,MaMa Chef Korean Restaurant,0.464115802,0.027327481,0.798816794,0.173854198
442,R&D Restaurant,0.464412643,0.027265042,0.798936786,0.173796649
443,Café Boulud,0.463964742,0.027363222,0.798946809,0.17368845
444,Taste Of Ramen,0.463612453,0.027342445,0.799099468,0.173556568
445,Bar Sybanne,0.4634025,0.027390909,0.798990152,0.173617424
446,Tofu Village - House of Soon Tofu,0.463662207,0.027328798,0.799083144,0.173586546
447,The Captain's Boil,0.464024057,0.027266968,0.799126697,0.173604827
448,Golden Patty,0.46360158,0.027319037,0.799234011,0.173444695
449,DOMA,0.464131306,0.027257508,0.7991997,0.173540541
450,Cosmic Treats,0.464398202,0.027196255,0.799225468,0.17357603
451,The Old Spaghetti Factory,0.464272197,0.027234679,0.799269058,0.173494021
452,Resto Boemo,0.464299254,0.027246831,0.799196122,0.17355481
453,Evoo Ristorante,0.464082589,0.027186012,0.799448661,0.173363095
454,Veda Healthy IndianTakeout,0.464178619,0.027158872,0.799512249,0.173326652
455,Rudy,0.464294815,0.027197037,0.799480741,0.173319259
456,Ho Ga Oriental Cuisine,0.463794531,0.027237251,0.79952476,0.173235033
457,The Dime,0.461918215,0.027438053,0.799633481,0.172926254
458,Saffron Spice Kitchen,0.462716115,0.027377483,0.799464312,0.173155997
459,The Halal Guys,0.463026358,0.027372981,0.799509545,0.173115272
460,Uncle Tony's,0.463153626,0.02738022,0.799378755,0.173238828
461,Tanto,0.463316009,0.027320175,0.799445175,0.173232456
462,Pimentas Grill,0.464265864,0.027260394,0.799103574,0.173633844
463,Salad Days,0.464775546,0.027200873,0.799110626,0.173686317
464,Figo,0.465156064,0.027141612,0.799068991,0.173787219
465,Donatello Restaurant,0.465125507,0.027182609,0.798982609,0.173832609
466,ImPerfect Fresh Eats,0.464881706,0.027250904,0.798954447,0.17379248
467,John & Sons Oyster House,0.464568326,0.027243146,0.799143579,0.17361039
468,Nespresso Boutique Bar,0.463575378,0.027298776,0.799308135,0.173390209
469,The Fish Store & Sandwiches,0.463907687,0.027239943,0.79918319,0.173573994
470,Bocconcini Toronto,0.463925735,0.027248746,0.799207168,0.173541219
471,Asian Legend,0.463578612,0.027190272,0.799387697,0.17341917
472,Pho Hung,0.463147323,0.027217702,0.799538901,0.173240542
473,Pho Pasteur,0.462956125,0.027205128,0.799688746,0.173103276
474,Pat's Homestyle Jamaican Restaurant,0.463006965,0.02723312,0.799711443,0.173053305
475,Rolltation,0.461769291,0.027256738,0.800007092,0.172734043
476,Me Va Me Kitchen Express,0.461834536,0.027292994,0.799952583,0.1727523
477,Mercatto,0.46174209,0.027311441,0.799956921,0.17272952
478,Hakata Shoryuken,0.461770663,0.027342736,0.799968265,0.172686883
479,After Dark,0.462202393,0.027353272,0.799913441,0.172731175
480,Smoke's Poutinerie,0.46208118,0.02734691,0.800023876,0.172627809
481,Avocado Sushi,0.461660266,0.027349685,0.800104415,0.1725452
482,Japango,0.46152028,0.027441259,0.799922378,0.172635664
483,The Chase Fish & Oyster,0.460982694,0.02738381,0.80021284,0.172402652
484,TrueTrue,0.459885097,0.027502089,0.800369777,0.172127437
485,Scollard Variety & Deli,0.460177345,0.027547603,0.800248784,0.172202919
486,La Carnita,0.459997781,0.027570042,0.800250347,0.172178918
487,Meet Dumplings,0.460122007,0.027628374,0.799988927,0.172382007
488,Patties Express,0.460229558,0.027627762,0.79994337,0.172427486
489,Bubble Republic on Bay,0.460736664,0.027570641,0.799957271,0.17247071
490,Michael's on Simcoe,0.4604489,0.027513755,0.800203576,0.172281293
491,The Dirty Bird Chicken + Waffles,0.460171791,0.027617021,0.800157172,0.172224434
492,The Walton,0.460677603,0.027602055,0.799972603,0.172423973
493,Korean Grill House,0.459969105,0.027656186,0.799889952,0.172452495
494,Live Organic Food Bar,0.459589291,0.027713506,0.799781037,0.172504093
495,Hot-Star,0.460264806,0.027656909,0.799699115,0.172642614
496,Mother's Dumplings,0.459810734,0.027768342,0.799686141,0.172544158
497,Mykonos Mediterranean Grill,0.460077492,0.027711864,0.799734237,0.172552542
498,Bread & Bowl,0.460539919,0.027655616,0.799725981,0.17261705
499,JINYA Ramen Bar,0.460660432,0.027633356,0.799785955,0.172579338
500,McEwan,0.460338544,0.02762062,0.799902965,0.172475067
501,King's Café,0.461025286,0.027564896,0.799774042,0.172659718
502,Lee Chen Asian Bistro,0.460565705,0.027619463,0.799697315,0.172681208
503,Ooshee Mediterranean Oven,0.460655392,0.027563965,0.799698593,0.172735432
504,STAY Cafeteria,0.461412433,0.02750869,0.799506016,0.172983289
505,Sumac Kebab Kitchen,0.460651167,0.027532355,0.799675117,0.172790527
506,L'espresso Bar Mercurio,0.460700732,0.027541278,0.799567909,0.172888815
507,Estiatorio VOLOS,0.460948306,0.027486379,0.799554817,0.172956811
508,Nami Restaurant,0.461011008,0.027431698,0.799700265,0.172866048
509,Victor,0.460193713,0.027452019,0.799915288,0.172630708
510,Imonay House Restaurant,0.459944386,0.027451783,0.800002642,0.172543593
511,OverEasy Restaurant,0.460174423,0.027397495,0.799966381,0.172634146
512,ZenQ,0.460321842,0.027373026,0.800045395,0.172579605
513,Toronto Big Bowl,0.459333421,0.027439265,0.800214051,0.172344058
514,Maker Pizza,0.459582372,0.02741481,0.800268021,0.172314548
515,Ka Chi Korean Restaurant,0.459066383,0.027557227,0.800175278,0.172263571
516,Mean Bao,0.458949608,0.027503264,0.800337467,0.172155352
517,Socialite Restaurant & Bar,0.45952873,0.02760456,0.800037785,0.172353746
518,Ethiopian House Restaurant,0.458670481,0.027704161,0.800105982,0.172185956
519,Coach House Restaurant,0.458202726,0.027864374,0.799950681,0.1721817
520,Over Easy Restaurant,0.45874294,0.027810233,0.799978627,0.172207902
521,Tokyo Smoke,0.458366322,0.027756303,0.800247576,0.171992889
522,Diyijia,0.458198129,0.027702581,0.800459355,0.171834839
523,The Eggman,0.457699292,0.027725692,0.800641339,0.171629749
524,Flock Rotisserie + Greens,0.457967609,0.027672237,0.800612468,0.171712082
525,Pizza Gigi,0.457822386,0.027656831,0.800787684,0.171552277
526,Cafe 059,0.458051826,0.027621397,0.800869315,0.171506086
527,California Sandwiches,0.457509271,0.027627877,0.801064578,0.171304348
528,Smith,0.458196618,0.027574984,0.800994895,0.17142693
529,7 West Cafe,0.457703248,0.027661783,0.801020382,0.17131465
530,Hey Noodles,0.45738932,0.027692943,0.801092181,0.171211697
531,Adega Restaurante,0.457155838,0.027640228,0.801310914,0.171045685
532,Ryukyu Shinmen Tondou Ramen,0.456797783,0.027639645,0.801470551,0.170886637
533,Duff's Famous Wings,0.457338685,0.027630215,0.80139823,0.170968394
534,Don Alfonso 1890,0.457361073,0.027577918,0.801466246,0.170952681
535,Noce Restaurant,0.457801071,0.027525819,0.801460957,0.171010076
536,PI CO.,0.457821307,0.027572596,0.801328096,0.171096166
537,Tibet Cafe,0.457530427,0.027572773,0.801453576,0.170970514
538,Ave Maria Latin Café,0.457722981,0.027520977,0.801452098,0.171023795
539,Kung Fu Duck,0.457486554,0.027575985,0.80142464,0.170996248
540,Bhoj Indian Cuisine,0.457776467,0.027524345,0.801416979,0.171055556
541,MARBL Restaurant,0.457243489,0.027605607,0.801361994,0.171029907
542,Mr Jerk,0.457092289,0.027761816,0.801185323,0.171050995
543,Peter Pan Bistro,0.457416822,0.027710118,0.801232154,0.171055866
544,Barrio Coreano,0.457017968,0.027796159,0.801214994,0.170986989
545,Stratus,0.45621979,0.027931973,0.801205318,0.170860853
546,One Love Vegetarian,0.456818519,0.027880247,0.801064198,0.171053704
547,Sushi & BBbop,0.457048306,0.027890943,0.800916821,0.171190388
548,Chinese Traditional Buns,0.457621156,0.027839483,0.800811193,0.171347478
549,Ko'ox Hana,0.45756016,0.027788214,0.800985881,0.171224064
550,Poke Wrap,0.456692708,0.027800245,0.801212623,0.170985294
551,Casamiento,0.45643737,0.027840979,0.801221407,0.170936391
552,Mustachio Italian Eatery,0.455933272,0.027879731,0.801125763,0.170993284
553,Bun Saigon Vietnamese Restaurant,0.455752834,0.027870201,0.801204753,0.170923827
554,Film Cafe by Eative,0.455199148,0.027861922,0.801402676,0.170734185
555,Bua Thai Restaurant,0.45439235,0.027990893,0.801415301,0.170592593
556,Ricarda's,0.454748424,0.027993333,0.801324848,0.170680606
557,Mysteriously Yours Dinner Theatre,0.455259468,0.027942529,0.801262553,0.170793708
558,Beer Batter Fish' N Chips,0.455381039,0.027980072,0.800903382,0.171115338
559,Gyugyuya,0.455435805,0.027929476,0.801003014,0.171066305
560,Ematei Japanese Restaurant,0.455433032,0.027934416,0.80101444,0.17104994
561,The Fry,0.454707207,0.027986787,0.801106306,0.170905706
562,Not Just Noodles,0.454460791,0.027936451,0.80118705,0.1708753
563,Corvo,0.455108438,0.027886296,0.801084381,0.171028127
564,Plancha,0.455084588,0.027867981,0.801151732,0.170979092
565,Los Vietnamita Taqueria Shop,0.455103757,0.027818128,0.801242695,0.170937984
566,Loaded Pierogi,0.454706905,0.027810119,0.801333333,0.170855357
567,Hot Bunzz Street Cuizine,0.455012299,0.027836601,0.801286393,0.170875817
568,A-Game Cafe,0.455598339,0.02778707,0.801211744,0.171
569,Porchetta & Co,0.455947425,0.027737715,0.801220841,0.171040261
570,Spice And Aroma,0.45574208,0.027742317,0.801310875,0.170945626
571,Fran's Restaurant,0.455255693,0.027779941,0.801332743,0.170886136
572,Hotmess Tex Mex,0.455600824,0.02773086,0.801357479,0.170910483
573,Kiro Sushi,0.455022751,0.02772428,0.801580247,0.170694297
574,Jules Bistro,0.455411854,0.027675469,0.801467723,0.170855634
575,Mare Pizzeria,0.455439543,0.027626831,0.801513181,0.170858817
576,Forget Me Not Cafe,0.456098713,0.027646784,0.801239181,0.171112281
577,Los Guaca-Moles,0.455814536,0.027636894,0.801391127,0.170970228
578,120 Diner,0.454798951,0.027832751,0.801367133,0.170798951
579,Harbord Fish & Chips,0.455437813,0.027859802,0.801165794,0.170973822
580,Dundas Shawarma,0.455731417,0.027811266,0.800948897,0.171239257
581,Wish,0.45497258,0.027885217,0.80105913,0.171055072
582,JOEY Eaton Centre,0.455134722,0.027879051,0.800980324,0.171140625
583,Il Covo,0.455366724,0.027830734,0.800924899,0.171244367
584,Fiesta Burrito,0.454900634,0.027875433,0.801009227,0.17111534
585,Good Hombres,0.455280599,0.027827288,0.80102821,0.171144502
586,Luscious Desserts,0.455126092,0.027811494,0.801151149,0.171037356
587,Hong Fatt B-B-Q,0.455108548,0.027799771,0.801239816,0.170960413
588,Hana Korea Restaurant,0.45428362,0.027859107,0.801352806,0.170788087
589,BlueBlood Steakhouse,0.453873814,0.027898799,0.801446541,0.17065466
590,Prenup Pub,0.45429395,0.027909247,0.801359589,0.170731164
591,Burrito Gordito,0.45484114,0.027902564,0.801137322,0.170960114
592,House of Gourmet,0.454486462,0.027892491,0.801271331,0.170836177
593,Hothouse,0.454214764,0.027844974,0.801490062,0.170664963
594,Copacabana Brazilian Steakhouse,0.453487188,0.027863946,0.801679705,0.170456349
595,Anh Dao,0.453686531,0.027816638,0.801678551,0.17050481
596,Yamato Japanese Restaurant,0.453619096,0.027769492,0.801828249,0.17040226
597,Perola Supermarket,0.45348573,0.027864636,0.80164749,0.170487874
598,Salmon Lovers,0.453568637,0.027817568,0.801762387,0.170420045
599,Shisha&Co,0.454126476,0.027770658,0.801599213,0.170630129
600,Nord Bistro,0.454306453,0.027779461,0.801508418,0.170712121
601,The Lakeview,0.45476028,0.027759664,0.80145098,0.170789356
602,FET ZUN,0.455036633,0.027713087,0.801330537,0.170956376
603,Papa Spicy,0.454536572,0.027693467,0.801573981,0.170732552
604,Ravi Soups,0.454432051,0.027745819,0.801510591,0.170743032
605,Ritz Caribbean Foods,0.452913801,0.027928214,0.801579299,0.170492487
606,Terroni,0.452803611,0.028032222,0.80139,0.170577222
607,The Fifth & Terrace,0.453451303,0.02798558,0.801241819,0.170772047
608,Lim Ga Ne,0.453528848,0.027966777,0.801285714,0.170746955
609,Sorrel,0.45363267,0.028031509,0.801032062,0.170935876
610,The Boil Bar,0.45404989,0.028007726,0.801014349,0.170977373
611,The Alternative Cafe,0.454430138,0.027996143,0.800996143,0.171007163
612,Smoke's Weinerie,0.453431848,0.028086909,0.801125963,0.170786579
613,Morals Village Hot Pot Downtown,0.453081494,0.028113674,0.801159802,0.170725975
614,Pizzeria Libretto,0.453228454,0.028111294,0.801132675,0.170755482
615,Flock Rotisserie + Greens,0.453081445,0.028065134,0.801321839,0.170612479
616,Think It Pensa Italiano,0.453538108,0.028034445,0.801224713,0.170740295
617,Archive,0.453618832,0.02814083,0.801008734,0.170849891
618,Ginger,0.453517711,0.028186921,0.801046322,0.170766213
619,Valens Restaurant,0.452851197,0.028182807,0.801274755,0.170541893
620,Page One,0.45320516,0.028178164,0.80115698,0.170664313
621,Dagu Rice Noodle-Downtown,0.45307923,0.028198482,0.801207701,0.170593275
622,Madison Avenue Pub & Restaurant,0.452972279,0.028177585,0.80129399,0.170527883
623,Kellys Landing,0.452491297,0.028131892,0.801547027,0.170320541
624,Tortería San Cosme,0.452034647,0.028207232,0.801573664,0.170218025
625,Annona Resturant,0.452275162,0.028203125,0.801538793,0.170257004
626,Hana Sushi & Cafe,0.452346423,0.028200108,0.801572889,0.170225928
627,Simmer Huang,0.452352363,0.028154672,0.801721267,0.170122986
628,Ginger,0.451324718,0.028321716,0.801707239,0.169969973
629,Burrito Bandidos,0.450529711,0.028416488,0.801756424,0.169826017
630,Chopstick On Bloor,0.450948691,0.028442544,0.80167985,0.169877071
631,Colaba Junction,0.450501067,0.028495731,0.801708645,0.169795091
632,Slanted Door,0.450896537,0.028476292,0.801641449,0.169881726
633,Basil Box,0.451006064,0.028465426,0.801612766,0.169921277
634,Buna's Kitchen,0.451476739,0.028420074,0.801518853,0.170060542
635,BIWON,0.451191516,0.028455461,0.801556204,0.169987805
636,SPIN Toronto,0.451484172,0.02841027,0.801492853,0.170096347
637,Koha Pacific Kitchen,0.450952696,0.028365222,0.801747886,0.169886364
638,Sichuan Garden Restaurant,0.450902639,0.02848496,0.80158153,0.169932454
639,Green Tea Restaurant Downtown Toronto,0.450140569,0.028481033,0.801814015,0.169703899
640,Away Kitchen and Cafe,0.450392583,0.028436086,0.801726986,0.169835876
641,The SAJ Pizza & Wrap,0.449451208,0.028703256,0.801577731,0.169717962
642,Loaded Pierogi,0.449077294,0.028709491,0.801711064,0.169578395
643,Sukho Thai,0.449103089,0.028709948,0.801738743,0.169550262
644,Tokyo Grill,0.449210925,0.028664924,0.801800314,0.169533717
645,TOCA,0.449015971,0.028651879,0.801953549,0.16939405
646,Pokito,0.448579833,0.02864148,0.802124544,0.169233455
647,Rose and Sons,0.448758273,0.028631113,0.802105099,0.169263267
648,The One Eighty,0.44922426,0.028586494,0.802115325,0.169297662
649,True Love Cafe,0.449866494,0.028542012,0.801920643,0.169536826
650,Bosk,0.450158933,0.028530813,0.80184464,0.169623511
651,Shanghai Shikumen Fine Cuisine,0.449421355,0.028578594,0.80198242,0.169438469
652,Union Chicken,0.44972318,0.028574084,0.801962829,0.169462571
653,Papa CEO King Slice,0.449569381,0.028628866,0.801933505,0.169437113
654,Sneaky Dee's,0.449788729,0.028615543,0.801964488,0.169419454
655,Thai On Yonge,0.449968499,0.028571429,0.801970195,0.169457862
656,Famoso Neapolitan,0.449967111,0.028640328,0.801847101,0.169512057
657,KINTON RAMEN,0.449959016,0.028659324,0.801865779,0.169473873
658,Wild Fire Grill,0.44991392,0.02862999,0.801967758,0.169401228
659,El local loco,0.45027537,0.028627491,0.801895248,0.169476239
660,Pho Blooming Rose,0.450293469,0.028642857,0.801913265,0.169442857
661,European Delight,0.45037565,0.028599083,0.801950586,0.169449312
662,Palm Lane,0.450622991,0.028574771,0.801984741,0.169439471
663,Snakes & Lattes Annex,0.450462367,0.028613002,0.801968004,0.169417979
664,Mr Tasty Fries,0.451014199,0.028605477,0.801826572,0.169566937
665,Le Paradis Brasserie Bistro,0.450909316,0.028653671,0.801693671,0.169651646
666,The Carlton Restaurant,0.451347573,0.028610212,0.801580384,0.169808392
667,Agora,0.451531247,0.028607774,0.80155679,0.169834427
668,O.Noir,0.452125907,0.02863004,0.801330645,0.17003881
669,Fresh on Spadina,0.452506039,0.028616004,0.801203322,0.170180171
670,Slab Burgers,0.452773518,0.028572864,0.801209548,0.170217085
671,Venezia Bakery,0.453330256,0.028529854,0.801079277,0.170390366
672,1915 Lan Zhou Ramen,0.452693888,0.028607715,0.80116483,0.170226954
673,Owl of Minerva,0.452725163,0.028564782,0.801292146,0.170142571
674,Hendriks Restaurant & Bar,0.452209191,0.028564436,0.801463037,0.169971528
675,Xe Lua Restaurant,0.452297057,0.028521696,0.801572569,0.169904738
676,The Owl,0.451654233,0.028561255,0.801647908,0.169789841
677,Hua Sang Seafood Restaurant,0.451759672,0.028551467,0.801541522,0.169906017
678,Chu Resto,0.451538481,0.028647468,0.801472195,0.169879345
679,Cora Pizza,0.45166356,0.028604859,0.801513138,0.169881011
680,Smoke's Poutinerie,0.451398713,0.028562376,0.801709901,0.169726733
681,Ali Baba,0.451250074,0.028637173,0.801608502,0.169753337
682,The Rebel House,0.451290721,0.028620928,0.801620434,0.169757651
683,Bodega Restaurant,0.451319566,0.028692952,0.801326269,0.169979793
684,The Keg Steakhouse & Bar,0.451532087,0.028682087,0.80133563,0.169981299
685,Popeyes Louisiana Kitchen,0.45087828,0.028758722,0.801405897,0.169833907
686,Tosto Quickfire Pizza Pasta,0.450482826,0.028880275,0.801363592,0.169754661
687,Old School,0.450120725,0.028837825,0.801579128,0.169581578
688,Bi Bim Bap,0.449975489,0.028795499,0.801740705,0.169462329
689,Bar Verde at Nordstrom,0.449972252,0.028753298,0.801869077,0.16937616
690,Baba Geddo,0.450206006,0.028739258,0.801783691,0.169475586
691,Quetzal,0.450211068,0.028697221,0.80187177,0.169429547
692,Wildfire Steakhouse & Wine Bar,0.450145521,0.0286889,0.801935248,0.169374391
693,Ichiriki Japanese Restaurant,0.45012246,0.028717064,0.801882353,0.169399611
694,The Keg Steakhouse + Bar - Esplanade,0.450431845,0.028675243,0.801923301,0.169400485
695,Hooky's Fish and Chips,0.45080921,0.028633543,0.80189142,0.169474067
696,The Good Son Pizza,0.451103146,0.028591965,0.801833011,0.169574056
697,Flor de Sal,0.451136346,0.028550507,0.801892702,0.169555824
698,Jz's Pizza,0.450732481,0.02857529,0.801929054,0.169495174
699,Kenzo Ramen Bloor,0.45131841,0.02856241,0.80176,0.169677108
700,Bampot House of Tea & Board Games,0.451541578,0.028521174,0.80178922,0.169689124
701,Nana,0.450619318,0.028613167,0.801898606,0.169487746
702,Cibo Wine Bar,0.450495154,0.028602687,0.801979367,0.169417466
703,Pizza Nova,0.450830666,0.028632487,0.801711069,0.169655966
704,Silk Road Kabob House,0.45067201,0.028625837,0.801737799,0.169635885
705,Pantry,0.451051027,0.028653607,0.801367893,0.169978022
706,Rolltation,0.450577767,0.028612595,0.801613073,0.169773855
707,Olympic 76 Pizza,0.450852025,0.028631729,0.801573606,0.169794188
708,Momo San,0.450949619,0.028590866,0.801606565,0.169802093
709,Fabarnak Community Cafe and Catering,0.451045748,0.028550119,0.801628029,0.169821378
710,The Green Beet,0.451180627,0.028566002,0.801580722,0.169852802
711,Ceviches,0.450966493,0.028552444,0.801674893,0.169772188
712,Carlotta,0.451127915,0.028511848,0.801612796,0.169874882
713,H Bar,0.451120445,0.028554662,0.80148036,0.169964505
714,YamChops,0.451570416,0.028549622,0.801405955,0.170044423
715,Cluck Clucks,0.452051487,0.028509202,0.801356772,0.170134025
716,Aunties & Uncles,0.451664939,0.028468897,0.801566447,0.169964656
717,Foxley Bistro and Bar,0.451608376,0.028460235,0.801536471,0.170003294
718,Playa Cabana - Hacienda,0.451964756,0.028445489,0.801453477,0.170101034
719,Leña Restaurante,0.45125068,0.028492726,0.801576725,0.169930549
720,B Espresso Bar,0.450930975,0.028552952,0.801614808,0.16983224
721,Japanhako,0.451029715,0.028552644,0.801563407,0.169884417
722,Reverie at The Park,0.451248972,0.028512617,0.801441121,0.170046729
723,Little Sheep Mongolian Hot Pot,0.451315166,0.028490901,0.801503033,0.170006533
724,VEDA,0.45134343,0.028490214,0.801491612,0.170018639
725,Sushi Cafe,0.451016519,0.028515589,0.801584458,0.169900419
726,Shogun Japanese Restaurant,0.450784247,0.028518587,0.801652416,0.169829461
727,Reds Midtown Tavern,0.450156705,0.028512297,0.801843155,0.169644548
728,Duck,0.450248563,0.02847266,0.801900834,0.169626506
729,Drom Taberna,0.450657982,0.028491439,0.801750116,0.169758445
730,Flo's Diner,0.450645887,0.028480591,0.801799908,0.169719501
731,El Rey Mezcal Bar,0.450940471,0.028441163,0.801802953,0.169755884
732,iBento,0.451068341,0.028401843,0.801920737,0.169677419
733,Coffee Public,0.450822273,0.028510815,0.801764841,0.169724344
734,Q1 Pho Famous,0.450894485,0.02851011,0.801640625,0.169849265
735,The Pour House Pub And Kitchen,0.451167324,0.02848738,0.801618173,0.169893988
736,One Pear Cafe,0.450741201,0.028589368,0.801592576,0.169817599
737,C'est What,0.450490572,0.028629748,0.801636613,0.169732723
738,Pho Vistro,0.450221984,0.028622029,0.801761883,0.169615174
739,New Generation Sushi,0.450413099,0.028582839,0.801799178,0.16961707
740,Dynasty Chinese Cuisine,0.450661121,0.028543756,0.801816317,0.169639015
741,Barn Restaurant,0.450158898,0.028622212,0.801784706,0.169592171
742,Jimmy's Coffee,0.450346545,0.028634091,0.801743636,0.169620455
743,Victory Cafe,0.450767,0.028643668,0.801641398,0.169713118
744,Thai Basil Toronto,0.450775476,0.028697189,0.801472801,0.169828649
745,Pizzaiolo,0.450821005,0.028681756,0.801538705,0.16977818
746,Annapurna Vegetarian Restaurant,0.450596429,0.028681284,0.801594485,0.169722875
747,Free Times Cafe,0.451129977,0.028642438,0.801390068,0.16996614
748,Oxtail Pho & Banh Mi,0.451151533,0.028682146,0.801221371,0.17009468
749,DonDon Izakaya,0.451288339,0.028670419,0.801196758,0.170131022
750,Popular Pot Inc / Zhuang Yuan Bbq Bar,0.450982464,0.028691996,0.801235612,0.170070144
751,Fat Bastard Burrito,0.450547732,0.028763808,0.801233498,0.170000449
752,Pick 6ix,0.450049058,0.028812108,0.80130852,0.16987713
753,Trattoria Mercatto,0.449985177,0.028808777,0.801300493,0.169888491
754,Naans & More,0.449783751,0.028795882,0.801389436,0.169812444
755,Pho 88,0.449893518,0.028784533,0.801417523,0.169795709
756,BBQ Express,0.449804643,0.028797768,0.801416518,0.169783482
757,Estia,0.450403433,0.028787338,0.801168078,0.170042354
758,High 5 Cafe & Curated Convenience,0.450813446,0.028748887,0.801009795,0.170239092
759,Focaccia Restaurant,0.451032148,0.028710538,0.800999555,0.170287683
760,Flock Rotisserie + Greens,0.451211501,0.028672291,0.800896092,0.170429396
761,The Grow Op,0.450744967,0.028679823,0.801020399,0.170297561
762,Super Point,0.450717449,0.028663862,0.801097431,0.170236492
763,Lisbon By Night Restaurant,0.451166785,0.028625829,0.801020345,0.170351614
764,KINTON RAMEN,0.451273233,0.028587898,0.801071996,0.170337898
765,Rock 'n' Horse Saloon,0.451571945,0.028576092,0.801068372,0.17035333
766,Roll & Roll by JC Mart,0.451024934,0.028614097,0.801176211,0.170207489
767,Midi Bistro,0.450784866,0.028576331,0.801322041,0.170099428
768,Portico Restaurant & Lounge,0.450743805,0.028580404,0.801322056,0.170095343
769,Kabul Express,0.450773629,0.028542782,0.801437034,0.17001799
770,Mana'ish Global Flatbread Cafe,0.450973357,0.028505259,0.801398335,0.170094216
771,Kim's À La Cart,0.450824289,0.028615317,0.801241138,0.170141357
772,Patois Toronto,0.450650524,0.028646853,0.801190559,0.170160402
773,Olly Fresco's,0.450121475,0.028687473,0.801266259,0.170044086
774,Sud Forno,0.450022363,0.02869442,0.801309939,0.169993897
775,Kupfert & Kim,0.449871397,0.028694819,0.801337397,0.169966043
776,Noodle & More,0.449532304,0.028696957,0.801403043,0.169898261
777,Barsa Taberna,0.449250586,0.028673904,0.8015736,0.16975076
778,Ghazale,0.449109193,0.0286366,0.801697745,0.16966392
779,Scarlet Door,0.449341291,0.02864818,0.801640815,0.169709705
780,Buddha's Vegetarian Foods,0.449769234,0.028636521,0.801463003,0.169899178
781,Rosedale Diner,0.44951344,0.028599395,0.801625324,0.169773984
782,The Corner Place,0.449458524,0.028598187,0.801636167,0.16976435
783,08-Aug,0.449058319,0.028561207,0.801852155,0.169585345
784,Salad King Restaurant,0.448799182,0.028590616,0.801870857,0.169537236
785,The Great Steak & Potato Company,0.448687054,0.028566022,0.801983226,0.169449462
786,Chew Chew's Diner,0.449106486,0.02852921,0.801902062,0.16956744
787,Potbelly Sandwich Shop,0.449375118,0.028492492,0.801892321,0.1696139
788,Biriyani House,0.449433662,0.028480274,0.801890652,0.169627787
789,Buster's Sea Cove,0.448503769,0.028573448,0.801970021,0.169455246
790,Bapbo Korean Restaurant,0.448599016,0.028536784,0.802007699,0.169454234
791,The Burger's Priest,0.448052841,0.02858821,0.802037591,0.169373345
792,Alex Rei Dos Leitoes,0.448371544,0.028572099,0.801987628,0.169439846
793,Taste of China,0.448844141,0.028535577,0.801842778,0.169621219
794,Rosalinda,0.448986511,0.028499149,0.801914043,0.169586383
795,Marché Restaurant,0.448972461,0.028479813,0.801963451,0.169556736
796,Brownstone Bistro,0.448516723,0.028443548,0.802185059,0.169371392
797,Away Kitchen + Cafe,0.449043069,0.028433234,0.802022891,0.169543875
798,Martino's Pizza & Asian Fusion Kitchen,0.449300593,0.028436071,0.80184166,0.169722269
799,Kimchi House,0.449186469,0.028463002,0.801873996,0.169663002
800,Yorkville Crepes,0.449336064,0.02847424,0.801710304,0.169815456
801,KOKO! Share Bar,0.449314045,0.028487136,0.801679882,0.169832982
802,Kupfert & Kim,0.449476622,0.028491575,0.801566133,0.169942291
803,Anoush Middle Eastern Cuisine,0.44887459,0.02861464,0.801480017,0.169905343
804,The Red Room,0.448996008,0.028601261,0.801509664,0.169889076
805,St Lawrence Pizza & Pasta,0.448731599,0.028661771,0.801495174,0.169843055
806,French Made,0.448852347,0.028625733,0.801577955,0.169796312
807,NishDish Marketeria and Catering,0.449066095,0.028589787,0.801566346,0.169843868
808,Taste of Sri Lanka,0.449228888,0.02855393,0.801583194,0.169862876
809,KINTON RAMEN,0.449418998,0.028539875,0.801512317,0.169947808
810,Wayne Gretzky's,0.448719349,0.028658465,0.801497498,0.169844037
811,La Bettola di Terroni,0.448016243,0.028805498,0.801411495,0.169783007
812,Lebanon Express,0.448160275,0.02880782,0.801351498,0.169840682
813,Pho Tien,0.447582385,0.028808891,0.801531367,0.169659742
814,Nutella Cafe,0.447865145,0.028773029,0.801495021,0.16973195
815,Lisa Marie,0.447506548,0.028762122,0.801631993,0.169605885
816,Sid's Cafe,0.447243727,0.028781781,0.801655901,0.169562319
817,Chaska Express,0.446752481,0.028799835,0.80179115,0.169409016
818,Hapa Toronto,0.446643742,0.028881041,0.801704254,0.169414292
819,El Rancho,0.446665718,0.028876238,0.801725248,0.169398102
820,Scheffler's Delicatessen,0.446701772,0.02886815,0.801797693,0.169333745
821,Union Station Food Court,0.446150288,0.028888066,0.801944033,0.16916749
822,Basil Box,0.446206864,0.028879162,0.80194739,0.169173037
823,Top Sushi,0.445698276,0.028981117,0.801869869,0.169148604
824,The Sultan's Tent & Cafe Moroc,0.445775482,0.02898729,0.801766708,0.169245592
825,Chae Chester Fried Chicken Express,0.445470352,0.029011057,0.801829648,0.169158886
826,Village Pizza,0.445804581,0.02897546,0.801815951,0.16920818
827,Biagio Ristorante,0.445936479,0.028939951,0.801817402,0.169242239
828,The Bishop And Belcher,0.445687434,0.02894696,0.801893921,0.169159119
829,Planta Burger,0.445447596,0.028958028,0.801979218,0.169062755
830,Mos Mos,0.445562882,0.02892267,0.802012617,0.169064713
831,Ruth's Chris Steak House,0.445230813,0.028962602,0.802046341,0.16899065
832,Little Anthony's,0.445325619,0.028978076,0.801979294,0.169042631
833,Creeds Coffee Bar,0.445123804,0.028942822,0.802132603,0.168924574
834,Calii Love,0.445436209,0.028907655,0.802133657,0.168958688
835,PAT Central Market,0.4452214,0.028919903,0.802113673,0.168966424
836,Fleets Food,0.445471544,0.028912692,0.802040825,0.169046483
837,Korean Grill House,0.444929067,0.029014937,0.802043197,0.168941865
838,Maja Indian Cuisine,0.445285363,0.02901129,0.801992339,0.168996774
839,Teller's Bar and Lounge,0.445629118,0.028996375,0.801843335,0.169160693
840,General Assembly Pizza,0.445306154,0.029034191,0.801871279,0.169094932
841,Café La Gaffe,0.444874528,0.0291137,0.801869024,0.169017678
842,Spicy Legend,0.444652568,0.02910313,0.801987159,0.168910112
843,Locale Mercatto,0.444071784,0.029182766,0.801999198,0.168818437
844,Habitant at Nordstrom,0.443795354,0.029189828,0.802092111,0.168718462
845,The Korean Kitchen,0.44338912,0.0292236,0.8021376,0.1686392
846,Bar Altura,0.443835877,0.029221734,0.802010787,0.168767879
847,Balzacs Coffee Roastery,0.443794573,0.029186752,0.802026736,0.168786911
848,Jump Restaurant,0.443606656,0.029192507,0.802007174,0.168800717
849,Old Bleu Cafe & Eatery,0.443807245,0.029157643,0.802049363,0.168793392
850,El Pocho Antojitos Bar,0.443665964,0.029179324,0.802070378,0.168750696
851,A&W,0.443378276,0.029220016,0.802113979,0.168666402
852,Original Taste,0.443483962,0.029208416,0.802100834,0.168691147
853,Luma,0.443539294,0.029193101,0.8021364,0.1686705
854,Nightowl,0.443086851,0.029264554,0.802136238,0.168599208
855,Steak & Cheese & Quick Pita Restaurant,0.442899881,0.029289953,0.802188291,0.168521756
856,Pancho y Emiliano,0.443457448,0.029255235,0.801975109,0.168769656
857,AllStar Wings & Ribs,0.442734333,0.029323599,0.802031571,0.16864483
858,Sizzler Kabab,0.442706149,0.029324399,0.802020891,0.16865471
859,Yunshang Rice Noodle,0.44275811,0.029289764,0.802117323,0.168592913
860,Taste of Tibet,0.442845673,0.029266719,0.802164044,0.168569237
861,My Roti Place,0.442914813,0.029273477,0.802186248,0.168540275
862,Sud Forno,0.442737677,0.029284537,0.802206044,0.168509419
863,Bombay Roti,0.443182948,0.029250098,0.802141905,0.168607997
864,Jerk Spot,0.443326077,0.029270164,0.802122553,0.168607283
865,Hong Shing Chinese Restaurant,0.442502386,0.029298788,0.802291748,0.168409464
866,Cafe Oro Di Napoli,0.442879258,0.029264453,0.802285156,0.168450391
867,Wafflian - Belgian Waffle and Cupcake Bar,0.442667616,0.029330082,0.80218533,0.168484588
868,Govinda's,0.442895051,0.029295791,0.80213484,0.168569369
869,LoPan,0.443088945,0.02926158,0.802178669,0.168559751
870,Carmen's Steak House,0.442978305,0.029227449,0.802294323,0.168478227
871,Dish Cooking Studio,0.443180505,0.029231068,0.802227184,0.168541748
872,Kit Kat Italian Bar & Grill,0.443482894,0.029228472,0.801967804,0.168803724
873,By The Way,0.443549438,0.029194498,0.802034095,0.168771406
874,The Poet Cafe,0.443620163,0.029160604,0.802095588,0.168743808
875,Toma Burger Addiction,0.443534673,0.029163123,0.802091612,0.168745265
876,Calii Love,0.443091467,0.029170656,0.802214286,0.168615058
877,Yeahyeahs pizza,0.442977092,0.029234477,0.802089472,0.168676051
878,Snakes & Lattes College,0.443157589,0.029200693,0.802135978,0.168663328
879,Oja Noodles House,0.443210196,0.029213544,0.80207349,0.168712967
880,AAA Bar,0.443097463,0.029179862,0.802133743,0.168686395
881,Grand Electric Taqueria,0.443217313,0.029163148,0.802191939,0.168644914
882,Paramount Fine Foods,0.442867638,0.029202071,0.802250767,0.168547163
883,Quanto Basta,0.442976025,0.029168518,0.80226465,0.168566833
884,Avenue Café + Bistro,0.443110138,0.029135042,0.80227697,0.168587988
885,Amadeu's Restaurant,0.443212228,0.029188766,0.802072984,0.168737868
886,Pizzeria Via Mercanti,0.443309351,0.029155344,0.802155344,0.168688931
887,Touhenboku Ramen Restaurant,0.443347884,0.029162791,0.802134197,0.168702631
888,New Sky Restaurant,0.442501333,0.029298553,0.802142803,0.168558264
889,La Forchetta,0.44263218,0.029309243,0.802057436,0.168633321
890,Gabby's Bar and Grill,0.442639704,0.029364742,0.801987842,0.168647416
891,The Annex,0.442802697,0.029353589,0.801792632,0.168853779
892,Hangry Burger,0.442941578,0.029380501,0.801658953,0.168960926
893,The Works Gourmet Burger Bistro,0.442729443,0.029374005,0.801742327,0.168884047
894,The George Street Diner,0.44314841,0.029366768,0.801499621,0.169133989
895,Rosewood Chinese Cuisine,0.443048544,0.029333459,0.801638941,0.169027977
896,El Chapo,0.442994789,0.029300227,0.801751888,0.168948263
897,RUDY,0.442896831,0.029303659,0.801800453,0.168896643
898,Market Street Catch,0.443319141,0.029292389,0.801685757,0.169022231
899,Taste of Yunnan,0.443320324,0.029259315,0.801745954,0.168995107
900,Village Juicery,0.443597481,0.029226316,0.801700752,0.169073308
901,Kawa Sushi,0.443554487,0.029271123,0.801665415,0.169063462
902,Regina Pizzeria & Trattoria,0.443481658,0.0292997,0.801593398,0.169106902
903,Pilot Coffee Roasters,0.443566092,0.029317722,0.801523042,0.169159236
904,Green Box Express,0.443514034,0.029331961,0.801508982,0.169159057
905,The Diner's Corner,0.443890953,0.029331215,0.801385794,0.169282991
906,Ding Dong Pastries,0.443939059,0.029320015,0.801413368,0.169266617
907,Red Lobster,0.443730921,0.029312943,0.801500932,0.169186125
908,Goldstone Noodle Restaurant,0.442778316,0.029583458,0.801385618,0.169030924
909,The Bier Markt,0.442544287,0.029620022,0.801267585,0.169112393
910,King Palace,0.442375353,0.029652416,0.801249071,0.169098513
911,Churrasqueira Do Sardinha,0.442078648,0.02968511,0.80126736,0.169047531
912,Koha Pacific Kitchen,0.442419918,0.029652077,0.801201409,0.169146513
913,Suksi Biryani House,0.442144424,0.029683587,0.801246017,0.169070396
914,Vesta Lunch,0.442062435,0.029685048,0.801294967,0.169019985
915,Sotto Voce Wine & Pasta Bar,0.442184214,0.029652126,0.801277264,0.16907061
916,Ajisen Ramen,0.442130428,0.029677253,0.801269572,0.169053176
917,Ka Chi,0.442164183,0.029704168,0.801247141,0.169048691
918,FRIDAY Roots & Vibes,0.442357522,0.029693215,0.801113938,0.169192847
919,Ki Modern Japanese + Bar,0.442129061,0.029704236,0.801187109,0.169108656
920,North of Brooklyn Pizzeria,0.441874467,0.029732524,0.801251288,0.169016188
921,Spicy Incredibowl,0.442023447,0.029732819,0.801228592,0.169038589
922,Me Va Me Kitchen Express,0.44191895,0.029737789,0.801215571,0.16904664
923,Future Bistro,0.442173881,0.029726706,0.801202494,0.1690708
924,New York Subs & Burritos,0.442363943,0.029727373,0.801182851,0.169090143
925,Kathmandu Restaurant,0.442537152,0.029694729,0.801119327,0.16918631
926,Yueh Tung Restaurant,0.442317514,0.029662157,0.801270201,0.169068007
927,Fifth Pubhouse,0.442106538,0.029665084,0.801332359,0.169002922
928,Ritz Bar,0.442292229,0.029687705,0.801284933,0.169027727
929,Green Gene,0.442438804,0.02969876,0.801232677,0.169068928
930,Vivoli,0.4422651,0.029738798,0.801186157,0.16907541
931,Nirvana,0.442413282,0.029706332,0.801085153,0.169208879
932,Jack Astor's Bar & Grill,0.442404435,0.029673937,0.801162123,0.169164304
933,King Place,0.442648511,0.029641612,0.801158315,0.169200436
934,BBs Diner,0.443068226,0.029609358,0.801051868,0.169339137
935,Flock Rotisserie + Greens,0.442872428,0.029656522,0.800923913,0.169419565
936,N'awlins Jazz Bar & Dining,0.443007058,0.029667029,0.800847991,0.16948498
937,Origination,0.442760304,0.02967462,0.800951193,0.169374187
938,Mistura Restaurant,0.442875587,0.02964247,0.801007945,0.169349585
939,Bulldog Coffee,0.442702633,0.029640693,0.80109127,0.169268038
940,Montecito Restaurant,0.442705117,0.029608649,0.801176216,0.169215135
941,Caribbean Taste,0.442446652,0.029662347,0.801145788,0.169191865
942,Fubar,0.44169306,0.029782093,0.801085581,0.169132327
943,Howard Ferguson Dining Hall,0.440946281,0.029848365,0.801140855,0.16901078
944,Saks Food Hall,0.440935427,0.029843862,0.801172649,0.168983489
945,Harmoney Chinese Restaurant,0.440672105,0.029844389,0.801282897,0.168872714
946,Nantana Thai Food & Desserts,0.44035634,0.029812321,0.801461676,0.168726003
947,Avant Gout Restaurant,0.440299141,0.029831485,0.801364937,0.16880322
948,Cora's Breakfast and Lunch,0.440356791,0.0297995,0.801362044,0.168838099
949,Cumbraes,0.440291003,0.029789004,0.801418065,0.168792574
950,Jacksons Burger,0.440306812,0.029782097,0.801402639,0.168814907
951,Mandy Restaurant,0.440316744,0.029816174,0.801306377,0.168877449
952,Gallery Sushi,0.440245302,0.029784342,0.801394662,0.168820996
953,The Sky Stars,0.440291397,0.029752577,0.801472449,0.168774973
954,Greek & Co,0.440104688,0.029806463,0.801403409,0.168790128
955,The Burger's Priest,0.439848954,0.029810571,0.801512593,0.168676836
956,The Porch Toronto,0.439846563,0.029834515,0.80148051,0.168684975
957,Jangwon,0.43935646,0.029898761,0.80151646,0.168584425
958,Pronto Cafe,0.439357269,0.029992925,0.801316236,0.168690485
959,District Eatery,0.439585618,0.029961131,0.801331802,0.168706714
960,Bymark,0.439959372,0.029929403,0.801260148,0.168810095
961,Mean Bao,0.439177539,0.030006347,0.801332158,0.168661142
962,Northern Belle,0.439354209,0.029974639,0.801379711,0.168645298
963,Weslodge Bar & Grill,0.439825721,0.029942998,0.801244546,0.168812104
964,Pita Q Restaurant,0.440191107,0.029911424,0.801125132,0.168963093
965,B.GOOD,0.440510569,0.02991889,0.801051615,0.169029494
966,One Loft,0.440483789,0.029897895,0.801093684,0.169008421
967,New Generation Grill Fusion,0.440416053,0.029866456,0.801200491,0.168933053
968,Le Petit Déjeuner,0.440345168,0.029891106,0.801202381,0.168906513
969,Ramen Misoya,0.440600909,0.029859741,0.801206016,0.168934243
970,China Wok,0.440575114,0.029838868,0.801255156,0.168905977
971,Chimac Pub & Fried Chicken,0.440808415,0.029807612,0.801256634,0.168935754
972,Istanbul Shawarma,0.441038472,0.029776421,0.801247297,0.168976282
973,El Tenedor,0.441358606,0.029745296,0.80119338,0.169061324
974,Signatures Restaurant,0.441625165,0.029736512,0.801074139,0.169189001
975,SU&BU,0.441717107,0.029705494,0.801154381,0.169139777
976,Wahlburgers,0.441343661,0.029706843,0.80128621,0.169006252
977,Chinese Dumpling House,0.440699063,0.029756072,0.801392783,0.168850451
978,Beer2Beer,0.440545997,0.02972513,0.801492894,0.168781282
979,Fushimi,0.440512742,0.029694252,0.801548476,0.168756579
980,Indian Roti House,0.440670287,0.029663438,0.80155102,0.16878485
981,The Bagel Stop,0.440711507,0.029679682,0.801486524,0.168833103
982,Sushi Club,0.440695823,0.029648947,0.801577149,0.168773214
983,North Poke,0.44055069,0.029672759,0.801564483,0.168762414
984,Sushihwa,0.440263417,0.02974268,0.801536342,0.168720634
985,Queen Margherita Pizza,0.440412285,0.029807295,0.801405368,0.168786648
986,Carens Rosedale,0.440575593,0.029803369,0.801376074,0.168819869
987,Kanga Pies,0.440597768,0.029772665,0.801450206,0.168776442
988,Kebaberie Yorkville,0.440962813,0.029769811,0.80135952,0.168869983
989,Uncle Tetsu's Japanese Cheesecake,0.441022207,0.029787526,0.801325908,0.168885881
990,Kenzo Ramen,0.441190312,0.029779185,0.801270455,0.168949675
991,Le Gourmand,0.440965663,0.029852257,0.801203488,0.16894357
992,Sichuan Ren,0.4410863,0.029845917,0.801227878,0.168925521
993,M Square Coffee Co,0.441143925,0.029815358,0.801257679,0.16892628
994,Little India Restaurant,0.440565803,0.029892601,0.801319468,0.168787249
995,Daio Japanese Restaurant,0.440744108,0.029886921,0.801319142,0.168793256
996,Ravi Soups,0.440820517,0.029889078,0.801281048,0.168829194
997,The Bier Markt,0.441043712,0.029890551,0.801256628,0.168852141
998,Ronto’s Burger,0.440876842,0.02990764,0.801270628,0.168821053
999,Shanghai 360,0.440764417,0.029907056,0.801296133,0.168796133
